noise_std,rel_error_pct
0.0000,0.039243
0.0050,0.040445
0.0100,0.043883
0.0150,0.049091
0.0200,0.055578
0.0250,0.062953
0.0300,0.070943
0.0350,0.079368
0.0400,0.088109
0.0450,0.097085
0.0500,0.106243
0.0550,0.115545
0.0600,0.124966
